{"auc_5": 0.43832885634512164, "auc_10": 0.5247256967873961, "auc_20": 0.594915054560625, "map_5": 0.5775260804769001, "map_10": 0.6069448584202682, "map_20": 0.6415797317436661}