{"auc_5": 0.32750160803867245, "auc_10": 0.43812472107827116, "auc_20": 0.5268373892386335, "map_5": 0.4964530551415797, "map_10": 0.540655737704918, "map_20": 0.5839493293591654}