{"auc_5": 0.4941778230128239, "auc_10": 0.6285322204652294, "auc_20": 0.7413192975104068, "map_5": 0.6929359165424739, "map_10": 0.752220566318927, "map_20": 0.8110730253353204}