{"auc_5": 0.4929620400571511, "auc_10": 0.6638450324156548, "auc_20": 0.7893468578607664, "map_5": 0.7608345752608048, "map_10": 0.8213114754098361, "map_20": 0.873725782414307}