{"auc_5": 0.5261205650536434, "auc_10": 0.6971383508725875, "auc_20": 0.8217257554523684, "map_5": 0.7976, "map_10": 0.8552666666666666, "map_20": 0.9068999999999999}