{"auc_5": 0.5322648696138634, "auc_10": 0.6974452655696217, "auc_20": 0.8182987428652414, "map_5": 0.8005333333333333, "map_10": 0.8522666666666667, "map_20": 0.9023333333333334}