{"auc_5": 0.39981677789763276, "auc_10": 0.5796055134113993, "auc_20": 0.7330297886415352, "map_5": 0.6641333333333334, "map_10": 0.746, "map_20": 0.8271333333333334}