{"auc_5": 0.398637174387017, "auc_10": 0.5827604098430393, "auc_20": 0.7387127518474983, "map_5": 0.6706666666666666, "map_10": 0.7522, "map_20": 0.8338333333333333}