{"auc_5": 0.3407734706001797, "auc_10": 0.5711079725925221, "auc_20": 0.7432818996299052, "map_5": 0.6816, "map_10": 0.7749333333333333, "map_20": 0.8540666666666666}