{"auc_5": 0.3200490098509064, "auc_10": 0.5386564377248046, "auc_20": 0.7121700494234587, "map_5": 0.6397333333333334, "map_10": 0.7346, "map_20": 0.8206000000000001}