{"auc_5": 0.2958935892333735, "auc_10": 0.5091991825542884, "auc_20": 0.6860487443644461, "map_5": 0.6037333333333333, "map_10": 0.7022666666666666, "map_20": 0.7934333333333333}