{"auc_5": 0.33696551355369736, "auc_10": 0.5703076526964164, "auc_20": 0.7453539978939231, "map_5": 0.6898666666666666, "map_10": 0.7808666666666666, "map_20": 0.8594999999999999}