{"auc_5": 0.5400270034578624, "auc_10": 0.6554547376792648, "auc_20": 0.7525188542399776, "map_5": 0.7165424739195231, "map_10": 0.7638450074515648, "map_20": 0.8144113263785395}