{"auc_5": 0.5528353143227432, "auc_10": 0.6636328853767376, "auc_20": 0.7585156031701141, "map_5": 0.7203576751117735, "map_10": 0.7678092399403875, "map_20": 0.8176602086438153}