{"auc_5": 0.520353803667003, "auc_10": 0.641609356987961, "auc_20": 0.7440160664917517, "map_5": 0.700327868852459, "map_10": 0.7541877794336811, "map_20": 0.8076751117734724}