{"auc_5": 0.449197097302607, "auc_10": 0.6118942012325845, "auc_20": 0.7389722554593843, "map_5": 0.6960357675111774, "map_10": 0.7608643815201193, "map_20": 0.8206408345752608}