{"auc_5": 0.505665292766761, "auc_10": 0.6425166118019804, "auc_20": 0.7507115583411126, "map_5": 0.7167213114754099, "map_10": 0.769150521609538, "map_20": 0.8212220566318927}