{"auc_5": 0.5807875274035397, "auc_10": 0.7133481786588198, "auc_20": 0.8121813783544573, "map_5": 0.7899850968703428, "map_10": 0.8359463487332339, "map_20": 0.8789716840536512}