{"auc_5": 0.4087593473781247, "auc_10": 0.5443689917749148, "auc_20": 0.6647769808145869, "map_5": 0.608822652757079, "map_10": 0.6710581222056632, "map_20": 0.7386140089418778}