{"auc_5": 0.4433064111853133, "auc_10": 0.551476706915939, "auc_20": 0.6523942756767337, "map_5": 0.6049478390461998, "map_10": 0.6541877794336811, "map_20": 0.7138748137108794}