{"auc_5": 0.5193214642153666, "auc_10": 0.6343022927386672, "auc_20": 0.7352769900602605, "map_5": 0.689538002980626, "map_10": 0.7407451564828614, "map_20": 0.7968852459016394}