{"auc_5": 0.44827186418850734, "auc_10": 0.5534850887574075, "auc_20": 0.6516663191544944, "map_5": 0.6046497764530552, "map_10": 0.653263785394933, "map_20": 0.7119672131147541}