{"auc_5": 0.4945592573444098, "auc_10": 0.6047502860545324, "auc_20": 0.7035203911064914, "map_5": 0.6605663189269747, "map_10": 0.7085245901639344, "map_20": 0.7643070044709389}