{"auc_5": 0.5472077876614974, "auc_10": 0.6626162852128583, "auc_20": 0.7594609820581185, "map_5": 0.722682563338301, "map_10": 0.7702831594634874, "map_20": 0.8206706408345753}