{"auc_5": 0.4894616832199623, "auc_10": 0.5930708589062068, "auc_20": 0.6879862581720747, "map_5": 0.6468554396423248, "map_10": 0.6914157973174366, "map_20": 0.7461698956780924}