{"auc_5": 0.5616991914022404, "auc_10": 0.6686813571227177, "auc_20": 0.7596093216155221, "map_5": 0.7248882265275708, "map_10": 0.7696274217585692, "map_20": 0.817123695976155}