{"auc_5": 0.4950879599323333, "auc_10": 0.6563363418362027, "auc_20": 0.7789951806213353, "map_5": 0.7448584202682563, "map_10": 0.8039642324888226, "map_20": 0.8596721311475409}