{"auc_5": 0.0, "auc_10": 0.00019661670239846168, "auc_20": 0.0017168046722835777, "map_5": 0.0, "map_10": 0.00035767511177347243, "map_20": 0.0027719821162444113}