{"auc_5": 0.5509572702992532, "auc_10": 0.6622696415162246, "auc_20": 0.7578345790159304, "map_5": 0.7192250372578242, "map_10": 0.766080476900149, "map_20": 0.8173174366616989}