{"auc_5": 0.5528912553003791, "auc_10": 0.6669297135307435, "auc_20": 0.7628131529607577, "map_5": 0.7235767511177347, "map_10": 0.7725782414307004, "map_20": 0.8228614008941877}