{"auc_5": 0.5549721761617301, "auc_10": 0.6646652694285836, "auc_20": 0.7589424775674026, "map_5": 0.7202384500745157, "map_10": 0.7678688524590165, "map_20": 0.8177049180327869}