{"auc_5": 0.4293308354860841, "auc_10": 0.541655367866248, "auc_20": 0.6502961765410101, "map_5": 0.592548435171386, "map_10": 0.6475409836065573, "map_20": 0.7141132637853949}