{"auc_5": 0.524760295789957, "auc_10": 0.6484769935725445, "auc_20": 0.7510259161931706, "map_5": 0.7090312965722801, "map_10": 0.7620566318926975, "map_20": 0.8153949329359165}