{"auc_5": 0.5755597253674225, "auc_10": 0.7028627955670947, "auc_20": 0.801083100460896, "map_5": 0.7728166915052161, "map_10": 0.8201490312965722, "map_20": 0.8660059612518629}