{"auc_5": 0.42776500968287967, "auc_10": 0.5435232025971085, "auc_20": 0.6582620663662682, "map_5": 0.593859910581222, "map_10": 0.6541579731743665, "map_20": 0.7249925484351714}