{"hpatches_homog_auc_3": 0.6249240746267274, "hpatches_homog_auc_5": 0.7336191254402067, "hpatches_homog_auc_10": 0.8372909270250855}