{"hpatches_homog_auc_3": 0.6903815190108022, "hpatches_homog_auc_5": 0.7890948265827714, "hpatches_homog_auc_10": 0.8797400137424966}