{"hpatches_homog_auc_3": 0.7600407266362549, "hpatches_homog_auc_5": 0.8488079985154318, "hpatches_homog_auc_10": 0.9226514961331794}