{"hpatches_homog_auc_3": 0.6764887712884574, "hpatches_homog_auc_5": 0.7769796061543142, "hpatches_homog_auc_10": 0.8713885019303456}