{"hpatches_homog_auc_3": 0.7029336379184112, "hpatches_homog_auc_5": 0.7977164445199214, "hpatches_homog_auc_10": 0.8834117438855476}