{"hpatches_homog_auc_3": 0.6735424000061369, "hpatches_homog_auc_5": 0.7788477908374818, "hpatches_homog_auc_10": 0.8745226078218975}