{"hpatches_homog_auc_3": 0.6213582881347718, "hpatches_homog_auc_5": 0.7357159782305411, "hpatches_homog_auc_10": 0.840802984214811}