{"hpatches_homog_auc_3": 0.6707436612286357, "hpatches_homog_auc_5": 0.7751652207472496, "hpatches_homog_auc_10": 0.8718980733941372}