{"hpatches_homog_auc_3": 0.34872662571034024, "hpatches_homog_auc_5": 0.39833880212435874, "hpatches_homog_auc_10": 0.442220472491203}