{"hpatches_homog_auc_3": 0.7778233590584277, "hpatches_homog_auc_5": 0.8592793409443924, "hpatches_homog_auc_10": 0.9276955445522143}