{"hpatches_homog_auc_3": 0.5845210765773421, "hpatches_homog_auc_5": 0.7060040559965604, "hpatches_homog_auc_10": 0.8219832545411737}