{"hpatches_homog_auc_3": 0.7815675406844432, "hpatches_homog_auc_5": 0.8625227743059003, "hpatches_homog_auc_10": 0.929289771783463}