{"hpatches_homog_auc_3": 0.6962454373234306, "hpatches_homog_auc_5": 0.7940160302015619, "hpatches_homog_auc_10": 0.883899428594864}