{"hpatches_homog_auc_3": 0.7945343115353943, "hpatches_homog_auc_5": 0.8690055261186492, "hpatches_homog_auc_10": 0.9325173194404679}