{"hpatches_homog_auc_3": 0.6685554648850643, "hpatches_homog_auc_5": 0.7760953040047079, "hpatches_homog_auc_10": 0.8743355496944594}