{"hpatches_homog_auc_3": 0.7633058005860507, "hpatches_homog_auc_5": 0.8509023448421601, "hpatches_homog_auc_10": 0.9236424891437858}