{"hpatches_homog_auc_3": 0.522481871876248, "hpatches_homog_auc_5": 0.6512563475308667, "hpatches_homog_auc_10": 0.791340869977327}