{"hpatches_homog_auc_3": 0.6844937560932215, "hpatches_homog_auc_5": 0.7860647099067732, "hpatches_homog_auc_10": 0.8778373848675276}