{"hpatches_homog_auc_3": 0.7618139285502815, "hpatches_homog_auc_5": 0.8487179707972304, "hpatches_homog_auc_10": 0.9214963487102834}