{"hpatches_homog_auc_3": 0.6159176458408882, "hpatches_homog_auc_5": 0.7259447970006738, "hpatches_homog_auc_10": 0.8340693602554827}