{"hpatches_homog_auc_3": 0.5879081141225496, "hpatches_homog_auc_5": 0.7244240948081877, "hpatches_homog_auc_10": 0.8463533627900132}