{"hpatches_homog_auc_3": 0.5693984865358724, "hpatches_homog_auc_5": 0.6954759178909088, "hpatches_homog_auc_10": 0.8202466746344304}