{"hpatches_homog_auc_3": 0.5833351582435259, "hpatches_homog_auc_5": 0.7048133906750934, "hpatches_homog_auc_10": 0.8258257106953225}