{"hpatches_homog_auc_3": 0.5737651941977381, "hpatches_homog_auc_5": 0.7296824439270269, "hpatches_homog_auc_10": 0.8628560401607694}