{"hpatches_homog_auc_3": 0.6166850894840085, "hpatches_homog_auc_5": 0.7274099001033555, "hpatches_homog_auc_10": 0.8361123453860305}