{"hpatches_homog_auc_3": 0.7655752492266727, "hpatches_homog_auc_5": 0.8514444879199597, "hpatches_homog_auc_10": 0.9239673472237497}