{"hpatches_homog_auc_3": 0.6247538306478223, "hpatches_homog_auc_5": 0.7366693945976854, "hpatches_homog_auc_10": 0.8427243223806482}