{"hpatches_homog_auc_3": 0.6820735942345254, "hpatches_homog_auc_5": 0.7829140361213517, "hpatches_homog_auc_10": 0.874246170869324}