{"hpatches_homog_auc_3": 0.7625024113884366, "hpatches_homog_auc_5": 0.8499977156515708, "hpatches_homog_auc_10": 0.9229318755112935}