{"hpatches_homog_auc_3": 0.7507679437443314, "hpatches_homog_auc_5": 0.8415529855275722, "hpatches_homog_auc_10": 0.9186047109899989}