{"hpatches_homog_auc_3": 0.7790971610569417, "hpatches_homog_auc_5": 0.8589618733480048, "hpatches_homog_auc_10": 0.926906940041534}