{"hpatches_homog_auc_3": 0.6893086453608074, "hpatches_homog_auc_5": 0.788749541958217, "hpatches_homog_auc_10": 0.8797539753533676}