{"hpatches_homog_auc_3": 0.3816023342899526, "hpatches_homog_auc_5": 0.4187531046245514, "hpatches_homog_auc_10": 0.45171646383874037}