{"hpatches_homog_auc_3": 0.6147043051770589, "hpatches_homog_auc_5": 0.7306328964225954, "hpatches_homog_auc_10": 0.8387929787736723}