{"hpatches_homog_auc_3": 0.5997202688991802, "hpatches_homog_auc_5": 0.714922919642882, "hpatches_homog_auc_10": 0.8320304279555462}