{"hpatches_homog_auc_3": 0.6051528516841232, "hpatches_homog_auc_5": 0.7216111483583235, "hpatches_homog_auc_10": 0.8309050809782086}