{"hpatches_homog_auc_3": 0.6343815517435669, "hpatches_homog_auc_5": 0.7440937356704558, "hpatches_homog_auc_10": 0.8527340839417097}