{"hpatches_homog_auc_3": 0.5959861711633507, "hpatches_homog_auc_5": 0.719053018557039, "hpatches_homog_auc_10": 0.8370829104336444}