{"hpatches_homog_auc_3": 0.6874192868458117, "hpatches_homog_auc_5": 0.7882927354914393, "hpatches_homog_auc_10": 0.8777654690412537}