{"hpatches_homog_auc_3": 0.3445093987974565, "hpatches_homog_auc_5": 0.39486729032504625, "hpatches_homog_auc_10": 0.4367076831924147}