{"hpatches_homog_auc_3": 0.752417603422841, "hpatches_homog_auc_5": 0.8443619528708508, "hpatches_homog_auc_10": 0.9196493667067568}