{"hpatches_homog_auc_3": 0.5990763748759174, "hpatches_homog_auc_5": 0.7305900743629754, "hpatches_homog_auc_10": 0.8498356398346065}