{"hpatches_homog_auc_3": 0.7512879489142114, "hpatches_homog_auc_5": 0.8433636469839264, "hpatches_homog_auc_10": 0.9197926606533622}