{"hpatches_homog_auc_3": 0.7742910056120006, "hpatches_homog_auc_5": 0.8534205093729286, "hpatches_homog_auc_10": 0.9209778579687615}