{"auc_30": 0.8044452441585324, "auc_5": 0.38203443381849, "auc_10": 0.593323657180654, "auc_20": 0.7462175931332073, "map_5": 0.6953333333333334, "map_10": 0.7796666666666667, "map_20": 0.8453333333333333}