{"24_Clark": [0.31889888904777525, 0.5493463190683547, 0.7258246329628453, 0.7905497553085635], "auc_30": 0.7905497553085635, "auc_5": 0.31889888904777525, "auc_10": 0.5493463190683547, "auc_20": 0.7258246329628453, "map_5": 0.63, "map_10": 0.74, "map_20": 0.825}