{"auc_30": 0.7947710413724008, "auc_5": 0.3276415342091668, "auc_10": 0.5562690369534715, "auc_20": 0.7284936294603351, "map_5": 0.66, "map_10": 0.761, "map_20": 0.8370000000000001}