{"auc_5": 0.5475327578286653, "auc_10": 0.6991509627112966, "auc_20": 0.8124742115075488, "map_5": 0.7921333333333334, "map_10": 0.8420666666666667, "map_20": 0.8902666666666668}