{"auc_5": 0.5707188194812187, "auc_10": 0.7130746876949294, "auc_20": 0.8154636638105242, "map_5": 0.8061333333333334, "map_10": 0.8473333333333333, "map_20": 0.8879333333333332}