{"auc_5": 0.007400021338160598, "auc_10": 0.0269882009985509, "auc_20": 0.07494158558961159, "map_5": 0.0236, "map_10": 0.04566666666666667, "map_20": 0.0998}