{"auc_5": 0.6121034402271128, "auc_10": 0.7571600381627444, "auc_20": 0.8572815722197518, "map_5": 0.8473333333333334, "map_10": 0.8904000000000001, "map_20": 0.928}