{"auc_5": 0.5568458828259317, "auc_10": 0.6992894750540026, "auc_20": 0.803771654917818, "map_5": 0.7857333333333333, "map_10": 0.8317333333333333, "map_20": 0.8760666666666667}