{"auc_5": 0.41366077588478556, "auc_10": 0.5935787584790916, "auc_20": 0.7429945533701815, "map_5": 0.6817333333333333, "map_10": 0.7586666666666666, "map_20": 0.836}