{"auc_5": 0.6112764562872025, "auc_10": 0.7561888963845382, "auc_20": 0.8569276075391489, "map_5": 0.8486666666666667, "map_10": 0.8914666666666666, "map_20": 0.9291666666666666}