{"auc_5": 0.5692488113235881, "auc_10": 0.7199320187458296, "auc_20": 0.8288065155015862, "map_5": 0.8138666666666666, "map_10": 0.8613999999999999, "map_20": 0.9045}