{"auc_5": 0.6110787998376717, "auc_10": 0.7545718618275836, "auc_20": 0.855492553553432, "map_5": 0.8474666666666667, "map_10": 0.8884666666666667, "map_20": 0.9272666666666667}