{"auc_5": 0.0031886974094633156, "auc_10": 0.01346222586936228, "auc_20": 0.05041271293334866, "map_5": 0.009066666666666667, "map_10": 0.025266666666666666, "map_20": 0.06833333333333333}