{"auc_5": 0.585711323368717, "auc_10": 0.7352489138683256, "auc_20": 0.8436712328802771, "map_5": 0.8309333333333333, "map_10": 0.878, "map_20": 0.9194666666666667}