{"auc_5": 0.5677291759833352, "auc_10": 0.7168312074694076, "auc_20": 0.826224715437989, "map_5": 0.8058666666666666, "map_10": 0.8557333333333332, "map_20": 0.9009666666666667}