{"auc_5": 0.6172232506745072, "auc_10": 0.7605878291439055, "auc_20": 0.8601034670289449, "map_5": 0.8518666666666667, "map_10": 0.8941333333333333, "map_20": 0.9305666666666667}