{"auc_5": 0.5582265067586605, "auc_10": 0.7088833545000441, "auc_20": 0.8207595258826494, "map_5": 0.7985333333333333, "map_10": 0.8493333333333333, "map_20": 0.8964333333333333}