{"auc_5": 0.6180247022297143, "auc_10": 0.7605107040810862, "auc_20": 0.8603731620811471, "map_5": 0.8556, "map_10": 0.8958, "map_20": 0.9318666666666667}