{"auc_5": 0.5683832749356952, "auc_10": 0.7166525364347598, "auc_20": 0.8231995478859717, "map_5": 0.8093333333333333, "map_10": 0.8550666666666666, "map_20": 0.8972666666666667}