{"auc_5": 0.6037960749506086, "auc_10": 0.7515119521300091, "auc_20": 0.8553745660303342, "map_5": 0.8438666666666667, "map_10": 0.8888666666666667, "map_20": 0.9286000000000001}