{"auc_5": 0.5542629265488885, "auc_10": 0.7057736740801318, "auc_20": 0.8180606993915113, "map_5": 0.7970666666666667, "map_10": 0.8467333333333333, "map_20": 0.8944000000000001}