{"auc_5": 0.6144730623607338, "auc_10": 0.758802158038307, "auc_20": 0.8591821540651464, "map_5": 0.8534666666666667, "map_10": 0.8945333333333334, "map_20": 0.9311666666666667}