{"auc_5": 0.5744707354842347, "auc_10": 0.7152165047041567, "auc_20": 0.8170996171215258, "map_5": 0.8017333333333333, "map_10": 0.8462666666666667, "map_20": 0.8876999999999999}