{"auc_5": 0.4672927869206226, "auc_10": 0.6170012013196728, "auc_20": 0.7454497044985886, "map_5": 0.6966666666666667, "map_10": 0.7574666666666667, "map_20": 0.8259666666666667}