{"auc_5": 0.6145805543339289, "auc_10": 0.7586686872331607, "auc_20": 0.8593960478113418, "map_5": 0.8502666666666666, "map_10": 0.8922666666666667, "map_20": 0.9309}