{"auc_5": 0.45497745704102843, "auc_10": 0.6189993926157011, "auc_20": 0.7500310035815215, "map_5": 0.7061333333333333, "map_10": 0.7697333333333334, "map_20": 0.8342666666666667}