{"auc_5": 0.52638509431091, "auc_10": 0.6826960107407855, "auc_20": 0.8031412095299333, "map_5": 0.7758666666666667, "map_10": 0.8291999999999999, "map_20": 0.8835999999999999}