{"auc_5": 0.5595007062486145, "auc_10": 0.7079598104445818, "auc_20": 0.8188575474520396, "map_5": 0.7972, "map_10": 0.8465333333333334, "map_20": 0.8940333333333333}