{"auc_5": 0.5724162936496298, "auc_10": 0.7150932205565604, "auc_20": 0.8179903955698877, "map_5": 0.8053333333333333, "map_10": 0.8486, "map_20": 0.8902666666666667}