{"auc_5": 0.5664195194075383, "auc_10": 0.7224827183069513, "auc_20": 0.8348955912486439, "map_5": 0.8137333333333333, "map_10": 0.8651333333333333, "map_20": 0.9114666666666666}