{"auc_5": 0.5633453470848141, "auc_10": 0.7183361447860012, "auc_20": 0.8315294892745195, "map_5": 0.8101333333333334, "map_10": 0.8619333333333333, "map_20": 0.9085333333333333}