{"auc_5": 0.2999039663834984, "auc_10": 0.5205525133376437, "auc_20": 0.6999440160479533, "map_5": 0.613, "map_10": 0.7172777777777778, "map_20": 0.8088333333333334}