{"auc_5": 0.309341253680041, "auc_10": 0.528854327648971, "auc_20": 0.7070227603182674, "map_5": 0.6226666666666667, "map_10": 0.726, "map_20": 0.8160333333333333}