{"auc_5": 0.28794535594561876, "auc_10": 0.5065659043871366, "auc_20": 0.6889463076958874, "map_5": 0.5961111111111111, "map_10": 0.7024444444444444, "map_20": 0.7977222222222221}