{"auc_5": 0.3125353579871158, "auc_10": 0.5377353462312879, "auc_20": 0.7163869745132576, "map_5": 0.6370666666666667, "map_10": 0.7382, "map_20": 0.8264666666666667}