{"auc_5": 0.34083638754480916, "auc_10": 0.565488940298436, "auc_20": 0.7410218753996538, "map_5": 0.6745333333333333, "map_10": 0.7675333333333334, "map_20": 0.8510666666666667}