{"auc_5": 0.3101896747359079, "auc_10": 0.5328307401037438, "auc_20": 0.7131662573696921, "map_5": 0.6332, "map_10": 0.7352666666666667, "map_20": 0.8245666666666667}