{"auc_5": 0.33788632534258944, "auc_10": 0.5646236271158172, "auc_20": 0.74045118654419, "map_5": 0.6757333333333333, "map_10": 0.7688666666666666, "map_20": 0.8518999999999999}