{"auc_5": 0.28213638083258463, "auc_10": 0.4996454362527423, "auc_20": 0.6852992135617949, "map_5": 0.5883333333333334, "map_10": 0.6955555555555556, "map_20": 0.7952777777777778}