{"auc_5": 0.00027267624538275054, "auc_10": 0.005359045742734212, "auc_20": 0.03559146126141517, "map_5": 0.0015555555555555555, "map_10": 0.011222222222222222, "map_20": 0.052305555555555557}