{"auc_5": 0.2866746401511833, "auc_10": 0.5081976030323152, "auc_20": 0.69272360648935, "map_5": 0.5988888888888889, "map_10": 0.7062777777777778, "map_20": 0.8030833333333334}