{"auc_5": 0.1519092139841763, "auc_10": 0.3195279447371635, "auc_20": 0.5003772103920087, "map_5": 0.35633333333333334, "map_10": 0.4711666666666666, "map_20": 0.5949722222222222}