{"auc_5": 0.3183709278949531, "auc_10": 0.5444409887929113, "auc_20": 0.7216413044377471, "map_5": 0.6517333333333334, "map_10": 0.7475333333333334, "map_20": 0.8328666666666666}