{"auc_5": 0.29999214311248734, "auc_10": 0.5192167931943686, "auc_20": 0.6979462252341821, "map_5": 0.6071111111111112, "map_10": 0.7130000000000001, "map_20": 0.8046666666666666}