{"auc_5": 0.29440412389203224, "auc_10": 0.5139173745472461, "auc_20": 0.6944057721709993, "map_5": 0.6112222222222222, "map_10": 0.7112777777777778, "map_20": 0.803638888888889}