{"auc_5": 0.31547273456007535, "auc_10": 0.5379598150318452, "auc_20": 0.7170862364573776, "map_5": 0.6386666666666667, "map_10": 0.7388, "map_20": 0.8275666666666667}