{"auc_5": 0.31590179989949824, "auc_10": 0.5380393165314709, "auc_20": 0.716738115204627, "map_5": 0.6364, "map_10": 0.7386666666666666, "map_20": 0.8268666666666666}