{"auc_5": 0.3228567556729689, "auc_10": 0.5453628426971378, "auc_20": 0.7220621039538659, "map_5": 0.654, "map_10": 0.7474000000000001, "map_20": 0.8336666666666668}