{"auc_5": 0.3149510887111847, "auc_10": 0.5343309394955347, "auc_20": 0.7089027644302239, "map_5": 0.6394666666666666, "map_10": 0.733, "map_20": 0.8175666666666667}