{"auc_5": 0.21743566193305913, "auc_10": 0.41406136111791136, "auc_20": 0.6001513902269149, "map_5": 0.47444444444444445, "map_10": 0.5906666666666667, "map_20": 0.7028611111111112}