{"auc_5": 0.20685513868241925, "auc_10": 0.3965871933536639, "auc_20": 0.5858487895563304, "map_5": 0.45, "map_10": 0.5682222222222222, "map_20": 0.687861111111111}