{"auc_5": 0.31528968059003654, "auc_10": 0.5386868910795275, "auc_20": 0.716850097587248, "map_5": 0.6438888888888888, "map_10": 0.7403333333333333, "map_20": 0.8275555555555556}