{"auc_5": 0.29072483598345983, "auc_10": 0.5080027217188483, "auc_20": 0.6900043606173055, "map_5": 0.597, "map_10": 0.7024444444444444, "map_20": 0.7984722222222222}