{"auc_5": 0.3077860714193036, "auc_10": 0.5297138713197496, "auc_20": 0.7095152755293739, "map_5": 0.6266666666666667, "map_10": 0.7293888888888889, "map_20": 0.8204722222222222}