{"auc_5": 0.2794264088928241, "auc_10": 0.4946733331832641, "auc_20": 0.677821860001522, "map_5": 0.5847777777777777, "map_10": 0.6887777777777777, "map_20": 0.7880277777777778}